ID Socio,Edad ,Gasto Mensual Suplementos (MXN),Antigüedad Membresia (meses),Calorias Quemadas (mes),Nivel de Actividad,Num. Visitas,Sucursal
2009,39.0,772.85,15,534676.86,Moderado,9,Santa Fe
2038,,1106.82,60,3678.93,Sedentario,13,Satelite
2078,31.0,427.25,47,8005.27,Moderado,7,Coyoacan
2285,32.0,925.45,16,1983.31,Sedentario,8,Santa Fe
2263,61.0,100.0,12,2781.36,Sedentario,6,Satelite
2120,57.0,575.56,48,2743.41,Sedentario,5,Satelite
2192,49.0,1317.88,52,,Moderado,11,Santa Fe
2170,48.0,863.18,45,2221.4,Sedentario,7,Satelite
2262,37.0,413.28,13,17391.79,Activo,11,Coyoacan
2147,36.0,685.4,47,8777.93,Moderado,8,Satelite
2126,21.0,,34,2113.76,Sedentario,7,Roma Norte
2289,60.0,1044.9,24,2426.71,Sedentario,12,Roma Norte
2094,31.0,1056.38,48,,Moderado,7,Roma Norte
2066,27.0,878.76,51,2309.35,Sedentario,10,Roma Norte
2180,64.0,1203.07,10,2803.84,Sedentario,13,Satelite
2018,34.0,1234.28,13,,Moderado,14,Coyoacan
2113,44.0,982.31,34,17849.83,Activo,10,Roma Norte
2191,34.0,880.48,3,,Moderado,4,Santa Fe
2021,51.0,1092.37,11,2704.19,Sedentario,6,Polanco
2280,46.0,1129.48,36,,Activo,6,Satelite
2060,54.0,1018.94,28,4157.11,Moderado,3,Roma Norte
2088,20.0,1210.69,53,1617.35,Sedentario,5,Polanco
2196,49.0,546.48,10,7912.76,Moderado,12,Satelite
2054,35.0,1052.51,20,15377.66,Activo,12,Satelite
2259,65.0,815.36,54,3751.78,Sedentario,8,Roma Norte
2114,57.0,1030.65,27,2592.33,Sedentario,8,Coyoacan
2046,58.0,1001.58,46,2553.55,Sedentario,10,Coyoacan
2033,50.0,156.25,56,4129.39,Sedentario,9,Polanco
2014,50.0,,17,8501.57,Moderado,8,Coyoacan
2111,44.0,175.48,39,7823.8,Moderado,6,Coyoacan
2291,60.0,747.02,13,8431.11,Moderado,11,Polanco
2174,29.0,702.1,29,3264.68,Sedentario,10,Polanco
2270,43.0,838.68,57,16907.27,Activo,10,Coyoacan
2145,33.0,1328.84,52,9379.07,Moderado,7,Santa Fe
2176,58.0,573.77,35,2502.7,Sedentario,7,Polanco
2074,62.0,1351.07,5,5896.31,Moderado,8,Santa Fe
2165,44.0,1061.54,17,8460.68,Moderado,15,Coyoacan
2086,,388.14,34,1965.69,Sedentario,7,Roma Norte
2274,60.0,492.39,25,1446.33,Sedentario,11,Polanco
2283,46.0,745.1,51,9831.31,Moderado,4,Santa Fe
2239,16.0,1170.08,49,18872.45,Activo,8,Satelite
2250,16.0,823.95,47,4044.92,Sedentario,9,Satelite
2051,17.0,926.05,3,18243.25,Activo,12,Roma Norte
2136,56.0,396.34,12,4281.25,Sedentario,6,Roma Norte
2065,54.0,629.39,40,7160.72,Moderado,9,Santa Fe
2013,24.0,847.65,33,12898.23,Activo,9,Santa Fe
2005,48.0,1466.77,36,9633.64,Moderado,12,Polanco
2020,64.0,185.59,56,4078.07,Sedentario,10,Santa Fe
2084,38.0,837.48,44,3700.99,Sedentario,17,Coyoacan
2135,63.0,137.3,39,2038.86,Sedentario,11,Polanco
2189,33.0,1239.81,31,4078.46,Sedentario,12,Polanco
2003,22.0,,57,8347.93,Moderado,12,Coyoacan
2171,46.0,706.81,37,6063.58,Moderado,11,Santa Fe
2019,19.0,815.16,39,11839.91,Activo,6,Satelite
2245,19.0,776.17,20,9171.74,Moderado,16,Santa Fe
2271,27.0,,35,14779.87,Activo,7,Santa Fe
2121,61.0,728.53,40,3087.72,Sedentario,10,Coyoacan
2144,26.0,1286.63,6,13012.26,Activo,13,Roma Norte
2022,63.0,714.62,49,2141.66,Sedentario,5,Roma Norte
2016,25.0,1565.84,43,13313.46,Activo,7,Coyoacan
2261,130.0,1433.58,60,14095.14,Activo,8,Polanco
2202,43.0,380.22,8,2754.58,Sedentario,9,Polanco
2237,59.0,707.99,3,3777.12,Sedentario,12,Coyoacan
2100,17.0,901.16,49,14510.73,Activo,11,Polanco
2047,19.0,1392.06,46,11705.74,Activo,6,Coyoacan
2233,42.0,1318.02,55,10709.56,Moderado,9,Coyoacan
2205,16.0,,31,20252.13,Activo,14,Polanco
2143,55.0,993.59,34,499.33,Sedentario,9,Satelite
2184,,811.5,22,5915.32,Moderado,13,Santa Fe
2257,37.0,1110.67,43,7169.65,Moderado,8,Santa Fe
2052,28.0,876.67,29,16224.91,Activo,11,Santa Fe
2139,33.0,1118.2,26,3146.72,Sedentario,14,Coyoacan
2125,52.0,1427.38,14,6802.02,Moderado,9,Coyoacan
2087,65.0,957.15,55,6730.65,Moderado,10,Coyoacan
2178,34.0,629.13,56,22403.43,Activo,10,Santa Fe
2044,26.0,1151.46,15,18526.12,Activo,11,Coyoacan
2035,42.0,925.98,30,8738.39,Moderado,5,Satelite
2300,46.0,789.54,60,7560.84,Moderado,2,Polanco
2124,41.0,1293.36,44,3944.81,Sedentario,7,Satelite
2219,44.0,715.3,24,17819.26,Activo,13,Satelite
2159,54.0,787.92,9,2942.82,Sedentario,5,Santa Fe
2224,45.0,974.67,29,10917.95,Moderado,13,Satelite
2146,21.0,391.34,17,13505.97,Activo,6,Coyoacan
2006,40.0,1026.23,3,24064.46,Activo,10,Santa Fe
2222,36.0,1058.26,30,7726.51,Moderado,11,Roma Norte
2101,28.0,757.94,8,8323.83,Moderado,7,Polanco
2070,22.0,1521.5,10,9686.89,Moderado,8,Roma Norte
2109,62.0,907.55,39,1589.93,Sedentario,8,Satelite
2172,21.0,930.44,2,3675.78,Sedentario,6,Roma Norte
2007,34.0,1216.09,9,3940.62,Moderado,6,Santa Fe
2087,65.0,957.15,55,6730.65,Moderado,10,Coyoacan
2049,21.0,178.55,23,10908.46,Activo,12,Santa Fe
2195,,384.0,13,11155.37,Activo,14,Polanco
2251,37.0,1119.49,13,411511.92,Moderado,9,Polanco
2025,39.0,785.01,33,6727.03,Moderado,14,Coyoacan
2012,61.0,578.45,49,12903.7,Moderado,8,Coyoacan
2119,17.0,1041.82,40,11289.49,Activo,10,Satelite
2235,33.0,1137.76,39,1255.69,Sedentario,11,Coyoacan
2091,45.0,1498.0,18,6517.76,Moderado,7,Coyoacan
2267,43.0,919.01,7,9568.78,Moderado,8,Santa Fe
2210,250.0,944.1,27,5409.85,Moderado,10,Coyoacan
2050,65.0,473.93,11,7666.13,Moderado,14,Polanco
2142,,946.68,22,9117.15,Moderado,8,Santa Fe
2279,,1100.19,20,2399.46,Sedentario,10,Coyoacan
2175,60.0,1158.87,55,4000.48,Sedentario,6,Roma Norte
2017,50.0,867.35,59,2008.24,Sedentario,12,Coyoacan
2198,42.0,1122.62,39,20215.36,Activo,7,Polanco
2177,60.0,1104.6,57,14567.38,Activo,14,Coyoacan
2253,56.0,769.89,12,9827.54,Moderado,13,Roma Norte
2149,58.0,837.26,24,1901.87,Sedentario,6,Coyoacan
2090,,1397.11,50,4294.36,Sedentario,13,Satelite
2123,58.0,996.29,4,2254.09,Sedentario,11,Satelite
2042,33.0,774.12,8,17388.87,Activo,10,Satelite
2203,,1213.87,31,3056.29,Sedentario,9,Roma Norte
2295,17.0,740.04,33,11108.24,Activo,7,Santa Fe
2058,19.0,906.25,5,7722.61,Moderado,10,Santa Fe
2241,31.0,876.42,30,18946.81,Activo,10,Coyoacan
2163,,1070.84,22,2427.37,Sedentario,8,Polanco
2116,,1419.95,28,14869.43,Activo,14,Polanco
2036,62.0,582.58,51,5458.09,Moderado,9,Santa Fe
2068,26.0,1263.61,24,17119.0,Activo,15,Coyoacan
2137,29.0,160.62,43,10103.35,Activo,12,Santa Fe
2002,48.0,1216.23,49,2163.28,Sedentario,10,Coyoacan
2095,30.0,,5,6667.97,Moderado,9,Satelite
2059,,1274.04,48,10229.18,Moderado,15,Santa Fe
2093,,659.12,37,,Moderado,5,Santa Fe
2249,48.0,1161.88,4,7126.6,Moderado,13,Roma Norte
2089,53.0,1135.88,44,10050.21,Moderado,14,Santa Fe
2132,23.0,1829.38,17,10421.04,Activo,15,Coyoacan
2062,45.0,1408.77,47,5106.96,Moderado,16,Satelite
2162,20.0,1255.9,25,16915.7,Activo,6,Coyoacan
2081,60.0,,39,7621.79,Moderado,8,Roma Norte
2260,-3.0,967.12,55,19318.45,Activo,10,Coyoacan
2075,52.0,883.22,35,3649.9,Sedentario,10,Polanco
2015,54.0,,45,3318.3,Sedentario,15,Coyoacan
2160,19.0,625.85,17,13518.14,Activo,9,Roma Norte
2179,60.0,942.5,5,3302.76,Sedentario,11,Satelite
2001,34.0,709.86,4,7154.08,Moderado,8,Santa Fe
2105,54.0,1402.65,59,2895.43,Sedentario,9,Coyoacan
2041,21.0,1244.76,28,14410.46,Activo,12,Santa Fe
2254,16.0,488.94,56,14442.47,Activo,11,Coyoacan
2128,58.0,926.59,5,7787.67,Moderado,10,Polanco
2039,17.0,1111.6,19,9022.08,Moderado,12,Santa Fe
2123,58.0,996.29,4,2254.09,Sedentario,11,Satelite
2077,23.0,229.83,24,11407.02,Moderado,9,Satelite
2287,,356.52,12,5192.2,Moderado,8,Santa Fe
2155,37.0,995.82,47,12246.07,Activo,6,Polanco
2080,31.0,1644.42,42,11383.56,Activo,9,Roma Norte
2266,21.0,827.19,3,9383.71,Moderado,10,Satelite
2293,17.0,773.59,59,19389.69,Activo,5,Satelite
2212,59.0,835.35,34,6233.72,Moderado,7,Coyoacan
2010,43.0,1295.91,32,7166.75,Moderado,9,Santa Fe
2228,56.0,822.34,27,535102.21,Moderado,17,Satelite
2027,21.0,410.51,13,11843.0,Activo,9,Satelite
2256,40.0,604.28,20,14630.7,Activo,11,Santa Fe
2023,20.0,677.72,41,11490.35,Moderado,12,Satelite
2281,65.0,411.19,46,7227.39,Moderado,9,Satelite
2150,43.0,899.85,39,10301.47,Moderado,11,Santa Fe
2238,28.0,855.37,25,17380.07,Activo,14,Polanco
2166,54.0,1336.59,29,6070.55,Moderado,9,Roma Norte
2117,34.0,997.27,13,18331.57,Activo,13,Santa Fe
2134,22.0,119.8,16,6931.42,Moderado,9,Roma Norte
2240,26.0,1232.13,2,19516.39,Activo,13,Coyoacan
2106,39.0,1691.41,4,2723.07,Sedentario,12,Coyoacan
2076,23.0,881.69,35,14581.34,Activo,6,Santa Fe
2297,22.0,650.31,20,6116.47,Moderado,12,Coyoacan
2175,60.0,1158.87,55,4000.48,Sedentario,6,Roma Norte
2247,19.0,616.19,14,8498.42,Moderado,12,Roma Norte
2062,45.0,1408.77,47,5106.96,Moderado,16,Satelite
2013,24.0,847.65,33,12898.23,Activo,9,Santa Fe
2243,23.0,809.65,30,13835.4,Activo,7,Santa Fe
2157,58.0,1506.87,17,10274.27,Moderado,14,Polanco
2030,60.0,,17,3083.55,Sedentario,8,Satelite
2288,23.0,906.87,7,10310.08,Moderado,10,Coyoacan
2161,53.0,1250.71,34,4077.82,Sedentario,6,Roma Norte
2107,40.0,1365.4,8,9976.27,Moderado,10,Coyoacan
2272,22.0,964.66,28,21992.67,Activo,7,Coyoacan
2140,48.0,,39,8373.28,Moderado,11,Polanco
2262,37.0,413.28,13,17391.79,Activo,11,Coyoacan
2253,56.0,769.89,12,9827.54,Moderado,13,Roma Norte
2217,59.0,581.1,53,11108.64,Moderado,13,Polanco
2269,45.0,1007.38,30,15260.37,Activo,8,Coyoacan
2034,24.0,850.08,43,12953.87,Moderado,11,Polanco
2112,49.0,643.23,34,3786.55,Sedentario,12,Polanco
2244,18.0,976.35,27,17335.28,Activo,12,Satelite
2227,16.0,1207.4,45,17826.08,Activo,8,Roma Norte
2206,40.0,478.79,53,2657.76,Sedentario,10,Polanco
2298,62.0,832.17,43,,Moderado,9,Coyoacan
2223,27.0,801.19,16,15548.45,Activo,7,Roma Norte
2240,26.0,1232.13,2,19516.39,Activo,13,Coyoacan
2122,56.0,,9,4141.92,Moderado,9,Coyoacan
2115,28.0,769.3,32,11512.42,Activo,11,Coyoacan
2114,57.0,1030.65,27,2592.33,Sedentario,8,Coyoacan
2220,63.0,1009.56,59,2783.08,Sedentario,18,Satelite
2193,65.0,1166.27,16,3818.04,Sedentario,7,Polanco
2064,36.0,,52,6764.25,Moderado,9,Coyoacan
2037,61.0,837.85,56,23101.23,Activo,11,Polanco
2008,52.0,476.8,15,1259.49,Sedentario,10,Polanco
2248,54.0,,16,7773.78,Moderado,10,Polanco
2252,61.0,462.41,30,18189.58,Activo,11,Polanco
2045,56.0,861.71,35,7129.82,Moderado,8,Polanco
2097,33.0,1670.31,7,17901.17,Activo,7,Coyoacan
2083,28.0,1049.69,29,14931.62,Activo,9,Roma Norte
2082,22.0,317.07,7,14249.35,Activo,15,Coyoacan
2273,64.0,1368.7,19,9790.89,Moderado,12,Satelite
2092,16.0,1057.5,53,22171.77,Activo,6,Satelite
2073,58.0,818.52,19,5389.92,Moderado,12,Santa Fe
2186,19.0,1321.16,32,18327.45,Activo,17,Polanco
2053,44.0,909.07,54,2859.93,Sedentario,10,Roma Norte
2072,59.0,1329.79,41,8319.87,Moderado,18,Coyoacan
2130,24.0,1027.49,15,7581.89,Moderado,10,Polanco
2029,21.0,1178.91,21,6560.16,Moderado,11,Roma Norte
2234,61.0,712.06,33,7864.49,Moderado,11,Roma Norte
2138,27.0,891.24,54,5947.8,Moderado,5,Coyoacan
2242,31.0,1280.31,48,11269.16,Activo,10,Polanco
2280,46.0,1129.48,36,,Activo,6,Satelite
2063,27.0,1299.16,59,11360.1,Moderado,7,Polanco
2152,52.0,1038.55,13,4928.1,Moderado,12,Satelite
2213,51.0,759.59,4,1859.93,Sedentario,6,Roma Norte
2040,36.0,323.24,35,,Moderado,10,Satelite
2218,44.0,646.01,56,3904.27,Sedentario,11,Satelite
2156,26.0,479.28,54,10659.82,Activo,9,Roma Norte
2209,61.0,734.82,26,9376.91,Moderado,11,Coyoacan
2211,58.0,468.49,48,9467.81,Moderado,10,Polanco
2286,37.0,982.41,32,15144.65,Activo,10,Santa Fe
2221,57.0,793.59,12,7347.58,Moderado,11,Roma Norte
2190,40.0,,24,9810.34,Activo,8,Polanco
2043,64.0,763.39,10,2507.38,Sedentario,11,Coyoacan
2201,25.0,871.08,49,7823.07,Moderado,10,Roma Norte
2108,53.0,601.1,47,3037.41,Sedentario,10,Polanco
2232,24.0,369.31,30,14217.72,Activo,10,Roma Norte
2167,56.0,1022.45,44,7060.6,Moderado,6,Satelite
2231,37.0,960.24,5,12055.82,Activo,9,Coyoacan
2208,29.0,792.02,25,3698.13,Sedentario,9,Roma Norte
2104,44.0,301.98,10,12543.44,Activo,9,Satelite
2069,62.0,1231.83,45,7950.61,Moderado,15,Roma Norte
2061,22.0,,56,3677.31,Sedentario,9,Santa Fe
2148,49.0,1178.42,21,21408.14,Activo,7,Satelite
2215,62.0,1107.25,60,8772.83,Moderado,8,Satelite
2265,32.0,918.4,2,4388.85,Activo,13,Polanco
2131,21.0,695.35,48,9454.53,Moderado,14,Satelite
2284,61.0,1573.88,27,1350.66,Sedentario,4,Satelite
2057,45.0,814.93,34,7130.08,Moderado,13,Roma Norte
2204,52.0,1231.05,23,9437.76,Moderado,8,Coyoacan
2277,19.0,964.44,30,2767.82,Sedentario,11,Satelite
2141,59.0,1377.7,60,11645.8,Moderado,10,Polanco
2181,52.0,1037.99,8,3388.32,Sedentario,5,Roma Norte
2282,38.0,1233.27,12,7076.16,Moderado,7,Satelite
2246,46.0,835.57,13,,Moderado,14,Satelite
2103,50.0,382.86,56,1816.07,Sedentario,8,Satelite
2264,54.0,224.84,52,7857.72,Moderado,9,Santa Fe
2099,23.0,916.29,34,17207.32,Activo,5,Santa Fe
2194,43.0,534.38,57,11678.45,Activo,13,Satelite
2226,45.0,617.2,5,12544.95,Activo,13,Roma Norte
2290,30.0,1071.43,32,15893.34,Activo,13,Polanco
2032,61.0,407.93,35,14377.5,Activo,9,Coyoacan
2182,22.0,379.12,56,13174.79,Activo,13,Satelite
2296,59.0,211.39,19,14372.72,Activo,11,Polanco
2024,35.0,491.01,32,3237.67,Sedentario,8,Santa Fe
2028,36.0,,40,7757.39,Moderado,10,Polanco
2255,48.0,178.73,46,3758.65,Sedentario,4,Santa Fe
2201,25.0,871.08,49,7823.07,Moderado,10,Roma Norte
2031,,941.77,13,12170.18,Activo,11,Satelite
2048,55.0,817.6,20,16631.5,Activo,6,Satelite
2071,23.0,1230.89,5,6900.87,Moderado,17,Santa Fe
2079,16.0,709.41,3,3779.42,Sedentario,9,Polanco
2199,18.0,903.12,13,7857.35,Moderado,10,Coyoacan
2067,34.0,,24,19639.28,Activo,8,Polanco
2187,65.0,785.74,53,7624.96,Moderado,10,Santa Fe
2214,59.0,647.23,19,7678.87,Moderado,8,Santa Fe
2056,48.0,924.08,25,3449.04,Sedentario,10,Coyoacan
2164,63.0,678.65,60,4811.08,Sedentario,9,Satelite
2197,18.0,942.85,26,2993.33,Sedentario,4,Satelite
2154,-8.0,,27,17884.2,Activo,7,Satelite
2102,62.0,925.95,56,9535.96,Activo,9,Polanco
2299,28.0,797.14,26,3622.1,Sedentario,14,Satelite
2110,,500.44,25,2762.6,Sedentario,7,Satelite
2151,25.0,644.38,2,13356.87,Activo,14,Coyoacan
2278,37.0,723.39,36,7786.02,Moderado,10,Roma Norte
2275,31.0,663.84,48,11078.54,Moderado,5,Satelite
2004,61.0,1300.48,4,2441.63,Sedentario,7,Polanco
2026,54.0,,18,,Sedentario,13,Polanco
2169,49.0,730.57,19,6804.61,Moderado,12,Polanco
2129,23.0,614.29,48,,Activo,7,Coyoacan
2158,45.0,380.89,29,7698.41,Moderado,11,Polanco
2133,53.0,,27,1950.13,Sedentario,13,Coyoacan
2183,39.0,746.7,48,13511.77,Activo,10,Roma Norte
2040,36.0,323.24,35,,Moderado,10,Satelite
2098,37.0,100.0,59,3220.22,Sedentario,10,Coyoacan
2185,29.0,701.97,47,1577.1,Sedentario,13,Santa Fe
2230,62.0,1251.01,3,,Sedentario,12,Polanco
2127,56.0,634.54,55,1177.62,Sedentario,11,Santa Fe
2268,58.0,345.17,58,9835.13,Moderado,9,Santa Fe
2258,29.0,938.16,4,9275.08,Moderado,12,Polanco
2188,65.0,1381.71,57,3590.16,Sedentario,6,Santa Fe
2292,27.0,778.68,38,5585.48,Moderado,10,Coyoacan
2200,25.0,770.48,55,13049.78,Activo,8,Coyoacan
2011,42.0,860.26,1,2089.96,Sedentario,9,Coyoacan
2207,53.0,1222.33,17,3154.61,Sedentario,7,Polanco
2055,33.0,817.52,14,1235.14,Sedentario,12,Roma Norte
2229,37.0,683.35,12,18386.05,Activo,12,Santa Fe
2276,38.0,1148.19,15,10632.42,Activo,6,Satelite
2173,28.0,508.74,11,17791.63,Activo,15,Coyoacan
2118,22.0,1606.94,4,6699.48,Moderado,12,Coyoacan
2168,32.0,943.1,42,2769.05,Sedentario,10,Satelite
2225,58.0,894.27,48,7766.58,Moderado,13,Santa Fe
2153,51.0,1666.32,23,7197.66,Moderado,10,Satelite
2294,38.0,849.09,54,8033.8,Moderado,9,Polanco
2236,33.0,1298.99,60,13378.03,Activo,12,Roma Norte
2085,61.0,902.27,19,11536.51,Moderado,10,Santa Fe
2096,26.0,982.26,18,2491.42,Sedentario,12,Satelite
2216,38.0,855.23,10,11976.38,Moderado,12,Coyoacan
